UID,population,sub_pop,sub_let,variable,rst_val,rst_se,ran_val,ran_se,p_val,n_rst,n_ran
Broders_2004,F-Mx,NA,a,R17-Tree/snag diameter (cm),43.8,1.8,38.3,1.9,NA,55,55
Broders_2004,F-Mx,NA,a,R15-Tree/Snag bark cover (%),78.5,4.1,73.7,4.5,NA,55,55
Broders_2004,F-Mx,NA,a,R3-Difference btw roost tree height and canopy height (m),-0.5,0.5,-1.6,0.7,NA,55,55
Broders_2004,F-Mx,NA,a,R5-Distance to nearest tree (m),1.3,0.1,1.6,0.2,NA,55,55
Broders_2004,F-Mx,NA,a,R7-Distance to nearest tree as tall or taller than roost tree (m),5.3,0.5,4.9,0.7,NA,55,55
Broders_2004,F-Mx,NA,a,SL27-Slope (%),6.6,0.5,7.4,0.6,NA,55,55
Broders_2004,F-Mx,NA,a,R16-Tree/snag canopy cover (%),74.2,1.9,69.4,2.6,NA,55,55
Broders_2004,F-Mx,NA,a,SL17-Mean stand density (no. trees/ha),1923,571,1231,83,NA,55,55
Broders_2004,F-Mx,NA,a,SL32-Proportion of deciduous trees (decid/total),0.77,0.04,0.81,0.04,NA,55,55
Broders_2004,F-Mx,NA,a,SL16-Mean snag density  (no. snags/ha),70,7,69,8,NA,55,55
Broders_2004,M-Mx,NA,a,R17-Tree/snag diameter (cm),32,1.6,27.2,1.5,NA,57,57
Broders_2004,M-Mx,NA,a,R15-Tree/Snag bark cover (%),74.4,4.2,59,5,NA,57,57
Broders_2004,M-Mx,NA,a,R3-Difference btw roost tree height and canopy height (m),-2.5,0.5,-3.3,0.6,NA,57,57
Broders_2004,M-Mx,NA,a,R5-Distance to nearest tree (m),1.1,0.1,1.2,0.2,NA,57,57
Broders_2004,M-Mx,NA,a,R7-Distance to nearest tree as tall or taller than roost tree (m),3.8,0.4,3.1,0.5,NA,57,57
Broders_2004,M-Mx,NA,a,SL27-Slope (%),4.6,0.6,5.4,1.4,NA,57,57
Broders_2004,M-Mx,NA,a,R16-Tree/snag canopy cover (%),67.4,2.2,66.4,2.2,NA,57,57
Broders_2004,M-Mx,NA,a,SL17-Mean stand density (no. trees/ha),2176,494,2050,329,NA,57,57
Broders_2004,M-Mx,NA,a,SL32-Proportion of deciduous trees (decid/total),0.39,0.04,0.52,0.03,NA,57,57
Broders_2004,M-Mx,NA,a,SL16-Mean snag density  (no. snags/ha),110,10,93,8,NA,57,57
Carter_2005,F-Mx,NA,a,R15-Tree/Snag bark cover (%),79.2,7.1,63.8,5.7,0.105,19,43
Carter_2005,F-Mx,NA,a,R16-Tree/snag canopy cover (%),61.3,6.5,44,5.3,0.06,19,46
Carter_2005,F-Mx,NA,a,R21-Canopy Closure (at roost),44,7.2,24.8,4.1,0.019,19,46
Carter_2005,F-Mx,NA,a,R11-Percent obstruction near roost entrance (%),3.2,0.3,2.3,0.3,0.044,19,42
Carter_2005,F-Mx,NA,a,R17-Tree/snag diameter (cm),37.3,4.7,34.9,2.2,0.599,19,44
Carter_2005,F-Mx,NA,a,SL8-Distance to forest edge (m),4,3.7,17,4.9,0.001,19,41
Carter_2005,F-Mx,NA,a,R14-Roost height (m),9.2,1.4,NA,NA,NA,19,NA
Carter_2005,F-Mx,NA,a,R18-Tree/snag height (m),15.8,2,14.9,0.9,0.634,19,46
Carter_2005,F-Mx,NA,a,SL18-Mean stem diameter (cm),18.9,1.1,22,0.8,0.036,19,46
Carter_2005,F-Mx,NA,a,SL29-Stand height (m),10.6,0.6,10.5,0.5,0.824,19,46
Carter_2005,F-Mx,NA,a,R25-Decay Class (Cline 1980),1.4,0.3,2,0.3,0.065,19,31
Cryan_2001,F-Mx,NA,a,R17-Tree/snag diameter (cm),39,1.79,31.7,2.26,<0.05,21,30
Cryan_2001,F-Mx,NA,a,R18-Tree/snag height (m),9.1,1.29,11.4,1.3,>0.05,21,30
Cryan_2001,F-Mx,NA,a,SL18-Mean stem diameter (cm),21.7,0.99,21.3,0.66,>0.05,105,30
Cryan_2001,F-Mx,NA,a,SL33-Mean Tree Spacing (m),5.1,0.35,5.4,0.35,>0.05,105,30
Fabianek_2015,M-Mx,NA,a,R17-Tree/snag diameter (cm),20.17,0.84,15.53,0.85,NA,26,40
Fabianek_2015,M-Mx,NA,a,R18-Tree/snag height (m),9.34,0.64,6.63,0.47,NA,26,40
Fabianek_2015,M-Mx,NA,a,R15-Tree/Snag bark cover (%),74,5,55,6,NA,26,40
Fabianek_2015,M-Mx,NA,a,SL16-Mean snag density  (no. snags/ha),67.3,9.1,19.3,4.1,NA,26,40
Fabianek_2015,M-Mx,NA,a,SL6-Density of large diameter snags (no. snags/ha),18.1,3.1,4.5,1.5,NA,26,40
Fabianek_2015,M-Mx,NA,a,SL34-Density of decay class 6 snags (snags/ha),46.8,6.8,11.3,3.1,NA,26,40
Fabianek_2015,M-Mx,NA,a,R16-Tree/snag canopy cover (%),76,7,54,7,NA,26,40
Fabianek_2015,M-Mx,NA,a,SL59-Mean Stand Canopy Closure (%),71,4,67,4,NA,26,40
Fabianek_2015,M-Mx,NA,a,SL37-Lateral vegetation cover at 2m (%),0.8,0.04,0.88,0.03,NA,26,40
Fabianek_2015,M-Mx,NA,a,SL38-Lateral vegetation cover at 16m(%),0.27,0.06,0.31,0.04,NA,26,40
Fabianek_2015,M-Mx,NA,a,SL39-Canopy height at 2m (m),10.12,0.97,13.04,0.57,NA,26,40
Fabianek_2015,M-Mx,NA,a,SL40-Canopy height at 16m (m),13.2,0.54,13.85,0.42,NA,26,40
Fabianek_2015,M-Mx,NA,a,SL41-Insolation level at 2m (MJm2day-1),446,7.62,452.78,3.15,NA,26,40
Fabianek_2015,M-Mx,NA,a,SL42-Insolation level at 16m (Mjm2day-1),449.38,5.08,453.1,2.71,NA,26,40
Fabianek_2015,M-Mx,NA,a,SL28-Stand basal area (m2/ha),31.77,2.76,24.8,2.59,NA,26,40
Ford_2006,M-Mx,Snag Roosting,a,R17-Tree/snag diameter (cm),16.6,1.5,31.9,3.2,0.003,6,24
Ford_2006,M-Mx,Snag Roosting,a,R18-Tree/snag height (m),10.3,1.2,21.3,1.4,<0.0001,6,24
Ford_2006,M-Mx,Live Roosting,b,R17-Tree/snag diameter (cm),53.4,6.3,25.9,2.6,<0.0001,10,40
Ford_2006,M-Mx,Live Roosting,b,R18-Tree/snag height (m),31.5,1.7,19.8,1.7,<0.0001,10,40
Foster_1999,F-Mx,Maple Only,a,R17-Tree/snag diameter (cm),82.35,6.87,62,6,0.04,17,14
Foster_1999,F-Mx,Ash Only,b,R17-Tree/snag diameter (cm),36.58,2.28,36,3,0.8,12,16
Foster_1999,F-Mx,Combined,c,R14-Roost height (m),10.74,0.89,NA,NA,NA,29,NA
Foster_1999,F-Mx,Combined,c,R16-Tree/snag canopy cover (%),43.79,6.53,NA,NA,NA,32,NA
Foster_1999,F-Mx,Combined,c,R17-Tree/snag diameter (cm),64.91,5.45,NA,NA,NA,32,NA
Garroway_2008,F-Mx,Pre/post lactation,a,R18-Tree/snag height (m),13.4,1.4,NA,NA,NA,22,NA
Garroway_2008,F-Mx,Pre/post lactation,a,R7-Distance to nearest tree as tall or taller than roost tree (m),2,0.4,NA,NA,NA,22,NA
Garroway_2008,F-Mx,Pre/post lactation,a,R14-Roost height (m),8,0.9,NA,NA,NA,22,NA
Garroway_2008,F-Mx,Pre/post lactation,a,SL29-Stand height (m),14.4,1,NA,NA,NA,22,NA
Garroway_2008,F-Mx,Pre/post lactation,a,R23-Stand relative to roost (m),7,1.5,NA,NA,NA,22,NA
Garroway_2008,F-Mx,Pre/post lactation,a,SL5-Density of deciduous trees (no. trees/ha),650,72.5,NA,NA,NA,22,NA
Garroway_2008,F-Mx,Pre/post lactation,a,SL4-Density of conifer trees (no. trees/ha),760,110.9,NA,NA,NA,22,NA
Garroway_2008,F-Mx,Pre/post lactation,a,SL17-Mean stand density (no. trees/ha),1080,132.2,NA,NA,NA,22,NA
Garroway_2008,F-Mx,Pre/post lactation,a,R17-Tree/snag diameter (cm),41,3.2,NA,NA,NA,22,NA
Garroway_2008,F-Mx,Pre/post lactation,a,R16-Tree/snag canopy cover (%),74,6.8,NA,NA,NA,22,NA
Garroway_2008,F-Mx,Pre/post lactation,a,SL3-Density of available trees (no. trees/ha),120,10.7,NA,NA,NA,22,NA
Garroway_2008,F-Mx,Lactation,b,R18-Tree/snag height (m),22.1,1,NA,NA,NA,22,NA
Garroway_2008,F-Mx,Lactation,b,R7-Distance to nearest tree as tall or taller than roost tree (m),2.4,0.5,NA,NA,NA,22,NA
Garroway_2008,F-Mx,Lactation,b,R14-Roost height (m),16.4,0.7,NA,NA,NA,22,NA
Garroway_2008,F-Mx,Lactation,b,SL29-Stand height (m),19.7,0.4,NA,NA,NA,22,NA
Garroway_2008,F-Mx,Lactation,b,R23-Stand relative to roost (m),3.7,0.9,NA,NA,NA,22,NA
Garroway_2008,F-Mx,Lactation,b,SL5-Density of deciduous trees (no. trees/ha),190,34.1,NA,NA,NA,22,NA
Garroway_2008,F-Mx,Lactation,b,SL4-Density of conifer trees (no. trees/ha),310,34.1,NA,NA,NA,22,NA
Garroway_2008,F-Mx,Lactation,b,SL17-Mean stand density (no. trees/ha),520,57.6,NA,NA,NA,22,NA
Garroway_2008,F-Mx,Lactation,b,R17-Tree/snag diameter (cm),43,3.6,NA,NA,NA,22,NA
Garroway_2008,F-Mx,Lactation,b,R16-Tree/snag canopy cover (%),52,7.9,NA,NA,NA,22,NA
Garroway_2008,F-Mx,Lactation,b,SL3-Density of available trees (no. trees/ha),70,8.5,NA,NA,NA,22,NA
Henderson_2008,F-Mx,NA,a,SL29-Stand height (m),21,0.5,NA,NA,NA,37,NA
Henderson_2008,F-Mx,NA,a,SL5-Density of deciduous trees (no. trees/ha),330,2,NA,NA,NA,37,NA
Henderson_2008,F-Mx,NA,a,SL4-Density of conifer trees (no. trees/ha),90,2,NA,NA,NA,37,NA
Henderson_2008,F-Mx,NA,a,SL17-Mean stand density (no. trees/ha),420,1.8,NA,NA,NA,37,NA
Henderson_2008,F-Mx,NA,a,SL3-Density of available trees (no. trees/ha),100,0.8,NA,NA,NA,37,NA
Henderson_2008,F-Mx,NA,a,SL11-Distance to open/lentic water (m),153,13.3,NA,NA,NA,37,NA
Johnson_2009,F-Mx,Fire Treatment,a,R17-Tree/snag diameter (cm),24.33,3.23,29.89,3.14,NA,25,25
Johnson_2009,F-Mx,Fire Treatment,a,R25-Decay Class (Cline 1980),3.96,0.28,4.24,0.41,NA,25,25
Johnson_2009,F-Mx,Fire Treatment,a,R24-Crown Class (Nyland 1996),2.04,0.18,1.72,0.16,NA,25,25
Johnson_2009,F-Mx,Fire Treatment,a,R18-Tree/snag height (m),13.97,1.3,11.59,1,NA,25,25
Johnson_2009,F-Mx,Fire Treatment,a,R14-Roost height (m),8.55,1.02,7.58,0.59,NA,25,25
Johnson_2009,F-Mx,Fire Treatment,a,R15-Tree/Snag bark cover (%),69.52,6.48,59.2,6.58,NA,25,25
Johnson_2009,F-Mx,Fire Treatment,a,"R26-Roost Type (cavity = 1, bark = 0)",0.96,0.04,0.76,0.09,NA,25,25
Johnson_2009,F-Mx,Fire Treatment,a,R16-Tree/snag canopy cover (%),82.44,1.9,12.54,0.67,NA,25,25
Johnson_2009,F-Mx,Fire Treatment,a,SL50-Percent Canopy Gap - 90deg. wedge centered over North (%),9.51,0.87,8.34,0.83,NA,25,25
Johnson_2009,F-Mx,Fire Treatment,a,SL51-Percent Canopy Gap - 90deg. wedge centered over East (%),16.34,1.67,13.63,1.21,NA,25,25
Johnson_2009,F-Mx,Fire Treatment,a,SL52-Percent Canopy Gap - 90deg. wedge centered over South (%),26.81,4.01,15.1,1.52,NA,25,25
Johnson_2009,F-Mx,Fire Treatment,a,SL53-Percent Canopy Gap - 90deg. wedge centered over West (%),16.54,2.62,12.53,1.49,NA,25,25
Johnson_2009,F-Mx,Fire Treatment,a,SL49-Percent Canopy Gap - 90deg. wedge above midpoint (%),35.59,4.16,23.01,1.57,NA,25,25
Johnson_2009,F-Mx,Fire Treatment,a,SL48-Percent Canopy Gap - 45deg. wedge above Horz. (%),11.33,1.19,9.12,0.83,NA,25,25
Johnson_2009,F-Mx,Fire Treatment,a,R5-Distance to nearest tree (m),3.2,0.16,3.39,0.2,NA,25,25
Johnson_2009,F-Mx,Fire Treatment,a,SL18-Mean stem diameter (cm),24.69,1.4,26.93,1.37,NA,25,25
Johnson_2009,F-Mx,Fire Treatment,a,SL44-Mean Stand Decay Class (1-7),2.14,0.19,1.83,0.17,NA,25,25
Johnson_2009,F-Mx,Fire Treatment,a,SL45-Mean Stand Crown Class (1-4),2.4,0.08,2.21,0.09,NA,25,25
Johnson_2009,F-Mx,Fire Treatment,a,R13-Roost aspect (deg.),153.28,38.51,139.01,52.97,NA,25,25
Johnson_2009,F-Mx,Fire Treatment,a,SL27-Slope (%),35.6,2.6,40.56,2.72,NA,25,25
Johnson_2009,F-Mx,Fire Treatment,a,SL28-Stand basal area (m2/ha),32.7,2.01,32.51,2.26,NA,25,25
Johnson_2009,F-Mx,Fire Treatment,a,SL54-Percent understory destroyed by fire (%),69.57,7.53,53.13,5.89,NA,25,25
Johnson_2009,F-Mx,Fire Treatment,a,SL55-Percent midstory destroyed by fire (%),43.48,6.89,20.83,4.17,NA,25,25
Johnson_2009,F-Mx,Control Treatment,b,R17-Tree/snag diameter (cm),30.91,2.64,29.65,2.03,NA,44,45
Johnson_2009,F-Mx,Control Treatment,b,R25-Decay Class (Cline 1980),3.95,0.25,3.89,0.27,NA,44,45
Johnson_2009,F-Mx,Control Treatment,b,R24-Crown Class (Nyland 1996),2.63,0.13,2.09,0.13,NA,44,45
Johnson_2009,F-Mx,Control Treatment,b,R18-Tree/snag height (m),16.28,1.19,15.04,1.07,NA,44,45
Johnson_2009,F-Mx,Control Treatment,b,R14-Roost height (m),8.79,0.73,7.59,0.43,NA,44,45
Johnson_2009,F-Mx,Control Treatment,b,R15-Tree/Snag bark cover (%),55.95,4.95,59.89,5.2,NA,44,45
Johnson_2009,F-Mx,Control Treatment,b,"R26-Roost Type (cavity = 1, bark = 0)",0.81,0.06,0.62,0.07,NA,44,45
Johnson_2009,F-Mx,Control Treatment,b,R16-Tree/snag canopy cover (%),90.64,0.19,8.62,0.25,NA,44,45
Johnson_2009,F-Mx,Control Treatment,b,SL50-Percent Canopy Gap - 90deg. wedge centered over North (%),6.02,0.43,7.05,0.6,NA,44,45
Johnson_2009,F-Mx,Control Treatment,b,SL51-Percent Canopy Gap - 90deg. wedge centered over East (%),8.25,0.43,9.49,0.54,NA,44,45
Johnson_2009,F-Mx,Control Treatment,b,SL52-Percent Canopy Gap - 90deg. wedge centered over South (%),13,0.57,10.15,0.59,NA,44,45
Johnson_2009,F-Mx,Control Treatment,b,SL53-Percent Canopy Gap - 90deg. wedge centered over West (%),9.24,0.56,7.17,0.57,NA,44,45
Johnson_2009,F-Mx,Control Treatment,b,SL49-Percent Canopy Gap - 90deg. wedge above midpoint (%),24.09,0.9,22.44,1.1,NA,44,45
Johnson_2009,F-Mx,Control Treatment,b,SL48-Percent Canopy Gap - 45deg. wedge above Horz. (%),6.41,0.28,5.87,0.33,NA,44,45
Johnson_2009,F-Mx,Control Treatment,b,R5-Distance to nearest tree (m),3.35,1.14,3.6,0.17,NA,44,45
Johnson_2009,F-Mx,Control Treatment,b,SL18-Mean stem diameter (cm),26.81,1.04,27.78,1.22,NA,44,45
Johnson_2009,F-Mx,Control Treatment,b,SL44-Mean Stand Decay Class (1-7),1.77,0.15,1.43,0.1,NA,44,45
Johnson_2009,F-Mx,Control Treatment,b,SL45-Mean Stand Crown Class (1-4),2.29,0.08,2.27,0.07,NA,44,45
Johnson_2009,F-Mx,Control Treatment,b,R13-Roost aspect (deg.),169.89,41.46,132.45,47.29,NA,44,45
Johnson_2009,F-Mx,Control Treatment,b,SL27-Slope (%),26.14,1.85,24.58,2.05,NA,44,45
Johnson_2009,F-Mx,Control Treatment,b,SL28-Stand basal area (m2/ha),35.06,1.6,33.47,1.69,NA,44,45
Johnson_2012,F-Mx,Central Node-Fire,a,R24-Crown Class (Nyland 1996),3.14,0.18,NA,NA,NA,14,NA
Johnson_2012,F-Mx,Central Node-Fire,a,R25-Decay Class (Cline 1980),4.21,0.38,NA,NA,NA,14,NA
Johnson_2012,F-Mx,Central Node-Fire,a,R17-Tree/snag diameter (cm),21.01,1.55,NA,NA,NA,14,NA
Johnson_2012,F-Mx,Central Node-Fire,a,R18-Tree/snag height (m),12.74,1.16,NA,NA,NA,14,NA
Johnson_2012,F-Mx,Central Node-Fire,a,R15-Tree/Snag bark cover (%),71.79,7.42,NA,NA,NA,14,NA
Johnson_2012,F-Mx,Central Node-Fire,a,SL28-Stand basal area (m2/ha),29.84,2.66,NA,NA,NA,14,NA
Johnson_2012,F-Mx,Central Node-Control,b,R24-Crown Class (Nyland 1996),2.88,0.21,NA,NA,NA,17,NA
Johnson_2012,F-Mx,Central Node-Control,b,R25-Decay Class (Cline 1980),4.71,0.36,NA,NA,NA,17,NA
Johnson_2012,F-Mx,Central Node-Control,b,R17-Tree/snag diameter (cm),34.85,5.16,NA,NA,NA,17,NA
Johnson_2012,F-Mx,Central Node-Control,b,R18-Tree/snag height (m),13.22,1.52,NA,NA,NA,17,NA
Johnson_2012,F-Mx,Central Node-Control,b,R15-Tree/Snag bark cover (%),47.65,9.26,NA,NA,NA,17,NA
Johnson_2012,F-Mx,Central Node-Control,b,SL28-Stand basal area (m2/ha),34.02,2.43,NA,NA,NA,17,NA
Jung_2004,M-Mx,NA,a,R18-Tree/snag height (m),20.1,1.1,15.5,0.5,NA,15,52
Jung_2004,M-Mx,NA,a,R17-Tree/snag diameter (cm),42.6,3.8,28.1,0.8,NA,15,52
Jung_2004,M-Mx,NA,a,R15-Tree/Snag bark cover (%),61,5.1,77,4.5,NA,15,52
Jung_2004,M-Mx,NA,a,R16-Tree/snag canopy cover (%),39.1,4.3,70,1.6,NA,15,52
Jung_2004,M-Mx,NA,a,SL56-Mean stand density (7.5-15cm DBH)(no.trees/ha),268.3,37,335.1,11.6,NA,15,52
Jung_2004,M-Mx,NA,a,SL57-Mean stand density (>15cm DBH)(no.trees/ha),223.3,25.9,251.4,9.2,NA,15,52
Jung_2004,M-Mx,NA,a,SL16-Mean snag density  (no. snags/ha),32.7,5.8,33.7,2.4,NA,15,52
Jung_2004,M-Mx,NA,a,SL58-Mean stand density of canopy trees (no.trees/ha),120,19.4,198.1,7.4,NA,15,52
Jung_2004,M-Mx,NA,a,R5-Distance to nearest tree (m),5.4,0.9,3.4,0.3,NA,15,52
Jung_2004,M-Mx,NA,a,R4-Distance to nearest available tree (m),9.9,1.6,10,0.6,NA,15,52
Jung_2004,M-Mx,NA,a,SL59-Mean Stand Canopy Closure (%),46.6,5.7,68,1.2,NA,15,52
Jung_2004,M-Mx,NA,a,SL17-Mean stand density (no. trees/ha),491.6,45.2,586.5,14.8,NA,15,52
Lacki_2001,MF-Mx,Male + Female,a,R16-Tree/snag canopy cover (%),91.4,0.13,90.5,0.25,0.7009,57,31
Lacki_2001,MF-Mx,Male + Female,a,SL16-Mean snag density  (no. snags/ha),38.2,0.15,44.2,0.18,0.3549,57,31
Lacki_2001,MF-Mx,Male + Female,a,SL18-Mean stem diameter (cm),11.3,0.94,8.31,0.58,0.0278,57,31
Lacki_2001,MF-Mx,Male + Female,a,SL11-Distance to open/lentic water (m),127,13.3,121,16,0.6767,57,31
Lacki_2001,MF-Mx,Male + Female,a,R27-Distance to distrubance (m),33.6,4.31,43.9,6.05,0.1766,57,31
Lacki_2001,MF-Mx,Male + Female,a,"SL60-Topographic location (up. Sl. = 1, mid. Slp. = 2, lwr. Slp. = 3)",1.7,0.1,1.68,0.12,0.8592,57,31
Lacki_2001,F-P,Pregnant Females,b,R16-Tree/snag canopy cover (%),84.4,0.29,90.5,0.25,NA,18,31
Lacki_2001,F-P,Pregnant Females,b,SL16-Mean snag density  (no. snags/ha),44.5,0.4,44.2,0.18,NA,18,31
Lacki_2001,F-P,Pregnant Females,b,R18-Tree/snag height (m),6.82,0.82,NA,NA,NA,18,31
Lacki_2001,F-P,Pregnant Females,b,R17-Tree/snag diameter (cm),30.3,3.8,NA,NA,NA,18,31
Lacki_2001,F-P,Pregnant Females,b,SL18-Mean stem diameter (cm),14.8,2.32,8.31,0.58,NA,18,31
Lacki_2001,F-P,Pregnant Females,b,SL11-Distance to open/lentic water (m),102,12.4,127,13.3,NA,18,31
Lacki_2001,F-P,Pregnant Females,b,R27-Distance to distrubance (m),52.9,8.29,43.9,6.05,NA,18,31
Lacki_2001,F-L,Lactating Females,c,R16-Tree/snag canopy cover (%),92.8,0.14,90.5,0.25,NA,23,31
Lacki_2001,F-L,Lactating Females,c,SL16-Mean snag density  (no. snags/ha),37,0.15,44.2,0.18,NA,23,31
Lacki_2001,F-L,Lactating Females,c,R18-Tree/snag height (m),3.7,0.62,NA,NA,NA,23,31
Lacki_2001,F-L,Lactating Females,c,R17-Tree/snag diameter (cm),20.9,3.27,NA,NA,NA,23,31
Lacki_2001,F-L,Lactating Females,c,SL18-Mean stem diameter (cm),10,1.11,8.31,0.58,NA,23,31
Lacki_2001,F-L,Lactating Females,c,SL11-Distance to open/lentic water (m),77,22.6,127,13.3,NA,23,31
Lacki_2001,F-L,Lactating Females,c,R27-Distance to distrubance (m),17,3.24,43.9,6.05,NA,23,31
Lacki_2001,F-PL,Post-Lactating Females,d,R16-Tree/snag canopy cover (%),91.4,0.28,90.5,0.25,NA,7,31
Lacki_2001,F-PL,Post-Lactating Females,d,SL16-Mean snag density  (no. snags/ha),32,0.28,44.2,0.18,NA,7,31
Lacki_2001,F-PL,Post-Lactating Females,d,R18-Tree/snag height (m),4.28,0.75,NA,NA,NA,7,31
Lacki_2001,F-PL,Post-Lactating Females,d,R17-Tree/snag diameter (cm),12.7,2.38,NA,NA,NA,7,31
Lacki_2001,F-PL,Post-Lactating Females,d,SL18-Mean stem diameter (cm),7.91,1.69,8.31,0.58,NA,7,31
Lacki_2001,F-PL,Post-Lactating Females,d,SL11-Distance to open/lentic water (m),46.8,12.9,127,13.3,NA,7,31
Lacki_2001,F-PL,Post-Lactating Females,d,R27-Distance to distrubance (m),52.8,16.8,43.9,6.05,NA,7,31
Lacki_2001,MF-Mx,Colony Roosting,e,R17-Tree/snag diameter (cm),29.2,3.51,NA,NA,NA,43,NA
Lacki_2001,MF-Mx,Colony Roosting,e,SL16-Mean snag density  (no. snags/ha),42.8,0.18,44.2,0.18,NA,43,31
Lacki_2001,MF-Mx,Solitary Roosting,f,R17-Tree/snag diameter (cm),12.2,2.59,NA,NA,NA,14,NA
Lacki_2001,MF-Mx,Solitary Roosting,f,SL16-Mean snag density  (no. snags/ha),26.8,0.07,44.2,0.18,NA,14,31
Lacki_2009,F-Mx,Pre-burn,a,R25-Decay Class (Cline 1980),3.62,0.4,5.27,0.4,<0.05,16,11
Lacki_2009,F-Mx,Pre-burn,a,R17-Tree/snag diameter (cm),44.2,4,41.6,6.6,NA,16,11
Lacki_2009,F-Mx,Pre-burn,a,R18-Tree/snag height (m),20.6,2.5,12.1,2.1,<0.05,16,11
Lacki_2009,F-Mx,Pre-burn,a,R28-Number of cavities (n),1.44,0.7,1.27,0.6,NA,16,11
Lacki_2009,F-Mx,Pre-burn,a,R15-Tree/Snag bark cover (%),62,9,40,10.2,NA,16,11
Lacki_2009,F-Mx,Pre-burn,a,R29-Exfoliating Bark Cover (%),16,4,25,6,NA,16,11
Lacki_2009,F-Mx,Pre-burn,a,SL29-Stand height (m),21.3,1.5,16.9,1.2,NA,16,11
Lacki_2009,F-Mx,Pre-burn,a,R16-Tree/snag canopy cover (%),47,5,51,7.2,NA,16,11
Lacki_2009,F-Mx,Pre-burn,a,SL16-Mean snag density  (no. snags/ha),40.5,6.7,27.5,8.7,NA,16,11
Lacki_2009,F-Mx,Pre-burn,a,SL61-Mean Stand Density (live trees) (no. trees/ha),363,50,280,27,NA,16,11
Lacki_2009,F-Mx,Pre-burn,a,R14-Roost height (m),10.6,3.6,NA,NA,NA,16,11
Lacki_2009,F-Mx,Post-burn,b,R25-Decay Class (Cline 1980),2.43,0.2,4.46,0.2,<0.01,35,57
Lacki_2009,F-Mx,Post-burn,b,R17-Tree/snag diameter (cm),34.6,3.4,32,1.8,NA,35,57
Lacki_2009,F-Mx,Post-burn,b,R18-Tree/snag height (m),19.7,1.4,17.8,1,NA,35,57
Lacki_2009,F-Mx,Post-burn,b,R28-Number of cavities (n),1.54,0.5,0.82,0.2,<0.05,35,57
Lacki_2009,F-Mx,Post-burn,b,R15-Tree/Snag bark cover (%),83,4.4,46,4.9,<0.01,35,57
Lacki_2009,F-Mx,Post-burn,b,R29-Exfoliating Bark Cover (%),7,2.4,13,2.1,<0.05,35,57
Lacki_2009,F-Mx,Post-burn,b,SL29-Stand height (m),27.8,0.8,30.5,1.2,NA,35,57
Lacki_2009,F-Mx,Post-burn,b,R16-Tree/snag canopy cover (%),65,4.4,61,3,NA,35,57
Lacki_2009,F-Mx,Post-burn,b,SL16-Mean snag density  (no. snags/ha),25.2,3.1,33.9,5.2,NA,35,57
Lacki_2009,F-Mx,Post-burn,b,SL61-Mean Stand Density (live trees) (no. trees/ha),272,10,252,10,NA,35,57
Lacki_2009,F-Mx,Post-burn,b,R14-Roost height (m),9.1,1.4,NA,NA,NA,35,57
Menzel_2002,F-L,NA,a,R14-Roost height (m),10.8,1,7,1.4,0.04,12,12
Menzel_2002,F-L,NA,a,R30-Roost complexity (1-5)(Menzel 2002),1.8,0.2,1.8,0.2,1,12,12
Menzel_2002,F-L,NA,a,R18-Tree/snag height (m),18.7,1.5,16.8,2.1,0.49,12,12
Menzel_2002,F-L,NA,a,R17-Tree/snag diameter (cm),29.2,1.6,34.7,2.9,0.12,12,12
Menzel_2002,F-L,NA,a,R25-Decay Class (Cline 1980),4,0.5,2.6,0.6,0.12,12,12
Menzel_2002,F-L,NA,a,R31-Distance to nearest overstory tree (m),1.2,0.2,2.3,0.5,0.05,12,12
Menzel_2002,F-L,NA,a,R7-Distance to nearest tree as tall or taller than roost tree (m),1.3,0.2,2.8,0.5,0.02,12,12
Menzel_2002,F-L,NA,a,R32-Height of nearest taller overstory tree (m),22.5,1.6,20.1,2.1,0.36,12,12
Menzel_2002,F-L,NA,a,R16-Tree/snag canopy cover (%),91.7,2.4,83.4,8.4,0.37,12,12
Menzel_2002,F-L,NA,a,SL29-Stand height (m),16.6,0.6,17.4,1,0.47,12,12
Menzel_2002,F-L,NA,a,R3-Difference btw roost tree height and canopy height (m),2.1,1.7,-0.5,1.9,0.31,12,12
Menzel_2002,F-L,NA,a,SL27-Slope (%),13.1,1.3,14.2,1,0.49,12,12
Menzel_2002,F-L,NA,a,SL17-Mean stand density (no. trees/ha),936.7,90,740,116.7,0.19,12,12
Menzel_2002,F-L,NA,a,SL62-Percent of overstory basal area composed of Conifers (%),13.2,5.2,8.7,3.7,0.71,12,12
Menzel_2002,F-L,NA,a,SL2-Basal area of snags (m2/ha),29960,6096.7,24586.7,6400,0.55,12,12
Menzel_2002,F-L,NA,a,SL63-Percent of overstory basal area composed of snags (%),6.4,1.6,5.1,1.4,0.51,12,12
Menzel_2002,F-L,NA,a,SL64-Shannon's Diversity Index (overstory),1.5,0.1,1.5,0.2,0.99,12,12
Menzel_2002,F-L,NA,a,SL65-Pielou's measure of eveness (overstory),0.8,0,0.9,0,0.22,12,12
Menzel_2002,F-L,NA,a,SL26-Species richness(overstory) (no. species),7.3,0.6,6.9,0.8,0.66,12,12
Menzel_2002,F-L,NA,a,SL69-Understory stem density (stems/ha),276.7,46.7,360,66.7,0.31,12,12
Menzel_2002,F-L,NA,a,SL67-Shannon's Diversity Index (understory),0.9,0.1,0.7,0.2,0.55,12,12
Menzel_2002,F-L,NA,a,SL68-Pielou's measure of eveness (understory),0.9,0,0.8,0.1,0.21,12,12
Menzel_2002,F-L,NA,a,SL66-Species richness (understory)(no. of species),2.9,0.3,3,0.5,0.88,12,12
Park_2012,F-L,Lactating Females,a,R17-Tree/snag diameter (cm),31.7,2.2,NA,NA,NA,13,NA
Park_2012,F-L,Lactating Females,a,R23-Stand relative to roost (m),12.8,1.9,NA,NA,NA,13,NA
Park_2012,F-L,Lactating Females,a,SL17-Mean stand density (no. trees/ha),144.5,19.5,NA,NA,NA,13,NA
Park_2012,F-L,Lactating Females,a,SL16-Mean snag density  (no. snags/ha),13.9,1.7,NA,NA,NA,13,NA
Park_2012,F-NR,Non-Lactating Females,b,R17-Tree/snag diameter (cm),22.7,2,NA,NA,NA,23,NA
Park_2012,F-NR,Non-Lactating Females,b,R23-Stand relative to roost (m),11.3,1.3,NA,NA,NA,23,NA
Park_2012,F-NR,Non-Lactating Females,b,SL17-Mean stand density (no. trees/ha),96.1,9.4,NA,NA,NA,23,NA
Park_2012,F-NR,Non-Lactating Females,b,SL16-Mean snag density  (no. snags/ha),14.1,1.4,NA,NA,NA,23,NA
Perry_2007,M-Mx,Mixed Males,a,R18-Tree/snag height (m),7.9,0.7,NA,NA,NA,43,NA
Perry_2007,M-Mx,Mixed Males,a,R14-Roost height (m),4.9,0.6,NA,NA,NA,43,NA
Perry_2007,M-Mx,Mixed Males,a,R17-Tree/snag diameter (cm),15,1.3,NA,NA,NA,43,NA
Perry_2007,M-Mx,Mixed Males,a,SL70-Mean Stand Density of midstory (5-9.9cm DBH) trees (stems/ha),299,44,NA,NA,NA,43,NA
Perry_2007,M-Mx,Mixed Males,a,SL17-Mean stand density (no. trees/ha),338,38,NA,NA,NA,43,NA
Perry_2007,M-Mx,Mixed Males,a,SL59-Mean Stand Canopy Closure (%),74.5,3.4,NA,NA,NA,43,NA
Perry_2007,F-Mx,Mixed Females,b,R18-Tree/snag height (m),8.7,0.6,NA,NA,NA,49,NA
Perry_2007,F-Mx,Mixed Females,b,R14-Roost height (m),5.2,0.5,NA,NA,NA,49,NA
Perry_2007,F-Mx,Mixed Females,b,R17-Tree/snag diameter (cm),18.7,1,NA,NA,NA,49,NA
Perry_2007,F-Mx,Mixed Females,b,SL70-Mean Stand Density of midstory (5-9.9cm DBH) trees (stems/ha),160,27,NA,NA,NA,49,NA
Perry_2007,F-Mx,Mixed Females,b,SL17-Mean stand density (no. trees/ha),246,33,NA,NA,NA,49,NA
Perry_2007,F-Mx,Mixed Females,b,SL59-Mean Stand Canopy Closure (%),66,3.8,NA,NA,NA,49,NA
Psyllakis_2006,F-Mx,NA,a,R14-Roost height (m),11.3,NA,1.65,0.25,NA,1,21
Psyllakis_2006,F-Mx,NA,a,R33-Eastness,0.37,NA,0.14,0.14,NA,1,21
Psyllakis_2006,F-Mx,NA,a,R34-Northness,0.93,NA,-0.015,0.17,NA,1,21
Psyllakis_2006,F-Mx,NA,a,R18-Tree/snag height (m),24,NA,20.21,1.85,NA,1,21
Psyllakis_2006,F-Mx,NA,a,R3-Difference btw roost tree height and canopy height (m),10,NA,-7.31,1.92,NA,1,21
Psyllakis_2006,F-Mx,NA,a,R17-Tree/snag diameter (cm),43.1,NA,36.95,2.56,NA,1,21
Psyllakis_2006,F-Mx,NA,a,R35-Distance to nearest tree in 90 deg arc (m),5.3,NA,6.96,0.66,NA,1,21
Psyllakis_2006,F-Mx,NA,a,R16-Tree/snag canopy cover (%),90,NA,79.4,2.41,NA,1,21
Psyllakis_2006,F-Mx,NA,a,SL11-Distance to open/lentic water (m),220,NA,301.43,44.87,NA,1,21
Psyllakis_2006,F-Mx,NA,a,SL8-Distance to forest edge (m),210,NA,138.1,20.93,NA,1,21
Psyllakis_2006,F-Mx,NA,a,SL17-Mean stand density (no. trees/ha),970,NA,378.86,24.7,NA,1,21
Psyllakis_2006,F-Mx,NA,a,SL3-Density of available trees (no. trees/ha),40,NA,34.76,4.56,NA,1,21
Psyllakis_2006,F-Mx,NA,a,SL29-Stand height (m),14,NA,27.51,0.79,NA,1,21
Sasse_1996,F-Mx,NA,a,R17-Tree/snag diameter (cm),40.9,2.8,33,1,0.007,47,104
Sasse_1996,F-Mx,NA,a,R18-Tree/snag height (m),14.8,1,8.8,0.4,<0.001,47,104
Sasse_1996,F-Mx,NA,a,R15-Tree/Snag bark cover (%),78,5.6,66,1.9,0.039,47,104
Sasse_1996,F-Mx,NA,a,R25-Decay Class (Cline 1980),2.8,0.3,3.7,0.1,0.001,47,104
Sasse_1996,F-Mx,NA,a,R16-Tree/snag canopy cover (%),83,1.4,86,3.5,0.513,47,104
Sasse_1996,F-Mx,NA,a,SL18-Mean stem diameter (cm),36.4,2,32.2,1.7,NA,NA,NA
Sasse_1996,F-Mx,NA,a,SL29-Stand height (m),12.2,0.7,8,0.6,NA,NA,NA
Sasse_1996,F-Mx,NA,a,SL72-Mean Stand Bark remaining (%),71,4,68,3.5,NA,NA,NA
Sasse_1996,F-Mx,NA,a,SL44-Mean Stand Decay Class (1-7),3.2,0.2,3.6,0.2,NA,NA,NA
Sasse_1996,F-Mx,NA,a,SL59-Mean Stand Canopy Closure (%),83,3.5,82,2.2,NA,NA,NA
Sasse_1996,F-Mx,NA,a,SL71-Mean Stem DBH (live trees only) (cm),30.8,0.6,29.8,0.4,NA,NA,NA
Sasse_1996,F-Mx,NA,a,SL2-Basal area of snags (m2/ha),3.9,0.3,2.3,0.3,NA,NA,NA
Silvis_2015,F-Mx,NA,a,R18-Tree/snag height (m),15.9,0.5,15,0.7,NA,220,108
Silvis_2015,F-Mx,NA,a,R17-Tree/snag diameter (cm),31.8,1.2,24.9,1.3,NA,220,108
Silvis_2015,F-Mx,NA,a,R16-Tree/snag canopy cover (%),95.5,0.4,97.8,0.3,NA,220,108
Silvis_2015,F-Mx,NA,a,SL45-Mean Stand Crown Class (1-4),1.87,0.06,1.82,0.07,NA,220,108
Silvis_2015,F-Mx,NA,a,R25-Decay Class (Cline 1980),3.2,0.11,2.25,0.12,NA,220,108
Silvis_2012,F-Mx,NA,a,R15-Tree/Snag bark cover (%),64.57,3.52,NA,NA,NA,105,NA
Silvis_2012,F-Mx,NA,a,SL27-Slope (%),13.46,1.08,NA,NA,NA,105,NA
Silvis_2012,F-Mx,NA,a,R13-Roost aspect (deg.),22.9,8.87,NA,NA,NA,105,NA
Silvis_2012,F-Mx,NA,a,SL13-Elevation (m),217,1.78,NA,NA,NA,105,NA
Silvis_2012,F-Mx,NA,a,SL73-Leaf area index (m2*m-2),2.55,0.04,NA,NA,NA,105,NA
Silvis_2012,F-Mx,NA,a,SL74-Photosynthetically active photon flux density (PPFD),1.65,0.07,NA,NA,NA,105,NA
Timpone_2010,UNK,NA,a,R17-Tree/snag diameter (cm),43,2.3,NA,NA,NA,39,NA
Timpone_2010,UNK,NA,a,R16-Tree/snag canopy cover (%),56,NA,NA,NA,NA,39,NA
Timpone_2010,UNK,NA,a,R14-Roost height (m),9.6,2.9,NA,NA,NA,39,NA
Timpone_2010,UNK,NA,a,R18-Tree/snag height (m),15.7,2.9,NA,NA,NA,39,NA
Badin_2014,F-Mx,Undisturbed Plots,a,SL17-Mean stand density (no. trees/ha),550,32.5,275,95,NA,65,80
Badin_2014,F-Mx,Undisturbed Plots,a,SL75-Crown depth of tallest tree in plot (m),19,0.8,21,4.5,NA,65,80
Badin_2014,F-Mx,Undisturbed Plots,a,R16-Tree/snag canopy cover (%),55,3.3,24,13.6,NA,65,80
Badin_2014,F-Mx,Undisturbed Plots,a,SL15-Height of tallest understory vegetation (m),7,0.4,8,3.4,NA,65,80
Badin_2014,F-Mx,Undisturbed Plots,a,R18-Tree/snag height (m),19,1.5,13,2.8,NA,65,80
Badin_2014,F-Mx,Undisturbed Plots,a,SL27-Slope (%),12,0.9,15,2.6,NA,65,80
Badin_2014,F-Mx,Undisturbed Plots,a,R17-Tree/snag diameter (cm),30,2.1,35,5.3,NA,65,80
Badin_2014,F-Mx,Distrubed Plots,b,SL17-Mean stand density (no. trees/ha),500,30,75,22.5,NA,6,29
Badin_2014,F-Mx,Distrubed Plots,b,SL75-Crown depth of tallest tree in plot (m),19,0.3,11,1.5,NA,6,29
Badin_2014,F-Mx,Distrubed Plots,b,R16-Tree/snag canopy cover (%),66,2.6,14,3.7,NA,6,29
Badin_2014,F-Mx,Distrubed Plots,b,SL15-Height of tallest understory vegetation (m),7,1.1,4,0.3,NA,6,29
Badin_2014,F-Mx,Distrubed Plots,b,R18-Tree/snag height (m),22,1.2,15,1.4,NA,6,29
Badin_2014,F-Mx,Distrubed Plots,b,SL27-Slope (%),13,0.8,15,1.3,NA,6,29
Badin_2014,F-Mx,Distrubed Plots,b,R17-Tree/snag diameter (cm),27,1.7,25,1.9,NA,6,29
Kaupas_2016,F-L,NA,a,R17-Tree/snag diameter (cm),28.2,1.2,22.6,1.8,NA,22,22
Kaupas_2016,F-L,NA,a,R14-Roost height (m),3.91,0.59,2.14,0.35,NA,22,22
Kaupas_2016,F-L,NA,a,R16-Tree/snag canopy cover (%),78.7,2.7,76.6,3.4,NA,22,22
Kaupas_2016,F-L,NA,a,SL17-Mean stand density (no. trees/ha),785,72.5,872.5,79.5,NA,22,22
Kaupas_2016,F-L,NA,a,R36-Ratio of roost tree height to nearest tree,1.7,0.44,0.72,0.12,NA,22,22
Kaupas_2016,F-L,NA,a,R18-Tree/snag height (m),16.8,1.2,11,1.8,NA,22,22
Kaupas_2016,F-L,NA,a,R5-Distance to nearest tree (m),3.58,0.29,3.78,0.36,NA,22,22
Kaupas_2016,F-L,NA,a,R25-Decay Class (Cline 1980),3.68,0.32,4.86,0.54,NA,22,22
Keinath_2016,MF-Mx,NA,a,R17-Tree/snag diameter (cm),15.8,2.53,NA,NA,NA,9,NA
Keinath_2016,MF-Mx,NA,a,R18-Tree/snag height (m),11.54,2.91,NA,NA,NA,9,NA
Keinath_2016,MF-Mx,NA,a,R14-Roost height (m),5.32,2.33,NA,NA,NA,9,NA
Krynak_2010,F-Mx,NA,a,R17-Tree/snag diameter (cm),55.8,4.7,NA,NA,NA,21,NA
Krynak_2010,F-Mx,NA,a,R18-Tree/snag height (m),19.5,1.2,NA,NA,NA,21,NA
Krynak_2010,F-Mx,NA,a,R25-Decay Class (Cline 1980),3.4,0.2,NA,NA,NA,21,NA
Krynak_2010,F-Mx,NA,a,SL27-Slope (%),7.1,2.3,NA,NA,NA,21,NA
Krynak_2010,F-Mx,NA,a,R16-Tree/snag canopy cover (%),70.9,2.8,NA,NA,NA,21,NA
Krynak_2010,F-Mx,NA,a,SL11-Distance to open/lentic water (m),68.6,9.6,NA,NA,NA,21,NA
Lereculeur_2013,M-Mx,NA,a,R17-Tree/snag diameter (cm),35.1,2.9,41.4,2.7,NA,9,21
Lereculeur_2013,M-Mx,NA,a,R18-Tree/snag height (m),12.3,0.4,13.7,0.9,NA,9,21
Lereculeur_2013,M-Mx,NA,a,SL27-Slope (%),12.6,3.1,9.5,1.3,NA,9,21
Lereculeur_2013,M-Mx,NA,a,SL11-Distance to open/lentic water (m),685.3,135.8,555.9,61,NA,9,21
Lereculeur_2013,M-Mx,NA,a,SL13-Elevation (m),522,12.7,534.8,11.4,NA,9,21
Lereculeur_2013,M-Mx,NA,a,SL18-Mean stem diameter (cm),23,1,24.5,0.4,NA,9,21
Lereculeur_2013,M-Mx,NA,a,SL17-Mean stand density (no. trees/ha),422,72,418,25,NA,9,21
Lereculeur_2013,M-Mx,NA,a,SL16-Mean snag density  (no. snags/ha),84,18,78,6,NA,9,21
Lereculeur_2013,M-Mx,NA,a,SL59-Mean Stand Canopy Closure (%),77,7.4,78.4,4.5,NA,9,21
Lereculeur_2013,M-Mx,NA,a,SL26-Species richness(overstory) (no. species),9.1,0.8,8.2,0.3,NA,9,21
Lereculeur_2013,M-Mx,NA,a,SL64-Shannon's Diversity Index (overstory),0.79,0.04,0.73,0.02,NA,9,21
Lereculeur_2013,F-Mx,NA,b,R17-Tree/snag diameter (cm),34.3,2.7,41.4,2.7,NA,12,21
Lereculeur_2013,F-Mx,NA,b,R18-Tree/snag height (m),12.9,1.3,13.7,0.9,NA,12,21
Lereculeur_2013,F-Mx,NA,b,SL27-Slope (%),9.3,1.7,9.5,1.3,NA,12,21
Lereculeur_2013,F-Mx,NA,b,SL11-Distance to open/lentic water (m),454.7,100.9,555.9,61,NA,12,21
Lereculeur_2013,F-Mx,NA,b,SL13-Elevation (m),550.5,21,534.8,11.4,NA,12,21
Lereculeur_2013,F-Mx,NA,b,SL18-Mean stem diameter (cm),24.3,0.7,24.5,0.4,NA,12,21
Lereculeur_2013,F-Mx,NA,b,SL17-Mean stand density (no. trees/ha),444,28,418,25,NA,12,21
Lereculeur_2013,F-Mx,NA,b,SL16-Mean snag density  (no. snags/ha),76,12,78,6,NA,12,21
Lereculeur_2013,F-Mx,NA,b,SL59-Mean Stand Canopy Closure (%),81.4,3.4,78.4,4.5,NA,12,21
Lereculeur_2013,F-Mx,NA,b,SL26-Species richness(overstory) (no. species),7.9,0.3,8.2,0.3,NA,12,21
Lereculeur_2013,F-Mx,NA,b,SL64-Shannon's Diversity Index (overstory),0.74,0.03,0.73,0.02,NA,12,21
Lereculeur_2013,MF-Mx,NA,c,R17-Tree/snag diameter (cm),34.6,1.9,41.4,2.7,0.048,21,21
Lereculeur_2013,MF-Mx,NA,c,R18-Tree/snag height (m),12.7,1,13.7,0.9,0.274,21,21
Lereculeur_2013,MF-Mx,NA,c,SL27-Slope (%),10.7,1.6,9.5,1.3,0.555,21,21
Lereculeur_2013,MF-Mx,NA,c,SL11-Distance to open/lentic water (m),556.4,83.6,555.9,61,0.188,21,21
Lereculeur_2013,MF-Mx,NA,c,SL13-Elevation (m),538.3,13.3,534.8,11.4,0.842,21,21
Lereculeur_2013,MF-Mx,NA,c,SL18-Mean stem diameter (cm),23.7,1.6,24.5,0.4,0.325,21,21
Lereculeur_2013,MF-Mx,NA,c,SL17-Mean stand density (no. trees/ha),435,34,418,25,0.692,21,21
Lereculeur_2013,MF-Mx,NA,c,SL16-Mean snag density  (no. snags/ha),79,10,78,6,0.945,21,21
Lereculeur_2013,MF-Mx,NA,c,SL59-Mean Stand Canopy Closure (%),79.5,3.7,78.4,4.5,0.753,21,21
Lereculeur_2013,MF-Mx,NA,c,SL26-Species richness(overstory) (no. species),8.4,0.4,8.2,0.3,0.702,21,21
Lereculeur_2013,MF-Mx,NA,c,SL64-Shannon's Diversity Index (overstory),0.76,0.02,0.73,0.02,0.234,21,21
Lereculeur_2013,MF-Mx,NA,c,R14-Roost height (m),5.4,0.5,NA,NA,NA,48,NA
Lereculeur_2013,MF-Mx,NA,c,R13-Roost aspect (deg.),2,47,NA,NA,NA,48,NA
Lowe_2012,M-Mx,NA,a,R14-Roost height (m),4.1,1.8,NA,NA,NA,5,NA
Lowe_2012,M-Mx,NA,a,SL29-Stand height (m),8.9,1.7,NA,NA,NA,5,NA
Lowe_2012,M-Mx,NA,a,SL76-Height of roost exit vs. canopy (m),-3.3,1.7,NA,NA,NA,5,NA
Lowe_2012,M-Mx,NA,a,R18-Tree/snag height (m),8.8,2,NA,NA,NA,5,NA
Lowe_2012,M-Mx,NA,a,R3-Difference btw roost tree height and canopy height (m),-0.1,1.2,NA,NA,NA,5,NA
Lowe_2012,M-Mx,NA,a,R17-Tree/snag diameter (cm),16.4,1.2,NA,NA,NA,5,NA
Lowe_2012,M-Mx,NA,a,R25-Decay Class (Cline 1980),5.5,0.4,NA,NA,NA,5,NA
Lowe_2012,M-Mx,NA,a,SL59-Mean Stand Canopy Closure (%),40,10,NA,NA,NA,7,NA
Lowe_2012,M-Mx,NA,a,SL32-Proportion of deciduous trees (decid/total),0.3,0.1,NA,NA,NA,7,NA
Lowe_2012,M-Mx,NA,a,SL16-Mean snag density  (no. snags/ha),250,129,NA,NA,NA,7,NA
Lowe_2012,M-Mx,NA,a,SL61-Mean Stand Density (live trees) (no. trees/ha),490,159,NA,NA,NA,7,NA
Lowe_2012,F-Mx,NA,b,R14-Roost height (m),5.6,1.1,NA,NA,NA,4,NA
Lowe_2012,F-Mx,NA,b,SL29-Stand height (m),10.9,2.2,NA,NA,NA,4,NA
Lowe_2012,F-Mx,NA,b,SL76-Height of roost exit vs. canopy (m),-5.3,2.7,NA,NA,NA,4,NA
Lowe_2012,F-Mx,NA,b,R18-Tree/snag height (m),12.1,2.6,NA,NA,NA,4,NA
Lowe_2012,F-Mx,NA,b,R3-Difference btw roost tree height and canopy height (m),1.2,1.4,NA,NA,NA,4,NA
Lowe_2012,F-Mx,NA,b,R17-Tree/snag diameter (cm),25.8,1.8,NA,NA,NA,4,NA
Lowe_2012,F-Mx,NA,b,R25-Decay Class (Cline 1980),4,1.3,NA,NA,NA,4,NA
Lowe_2012,F-Mx,NA,b,SL59-Mean Stand Canopy Closure (%),60,4,NA,NA,NA,5,NA
Lowe_2012,F-Mx,NA,b,SL32-Proportion of deciduous trees (decid/total),0.3,0.1,NA,NA,NA,5,NA
Lowe_2012,F-Mx,NA,b,SL16-Mean snag density  (no. snags/ha),130,1.3,NA,NA,NA,5,NA
Lowe_2012,F-Mx,NA,b,SL61-Mean Stand Density (live trees) (no. trees/ha),540,10.7,NA,NA,NA,5,NA
O'Keefe_2009,M-Mx,NA,a,R18-Tree/snag height (m),15.7,1.6,17.5,1.5,NA,35,35
O'Keefe_2009,M-Mx,NA,a,R17-Tree/snag diameter (cm),31.9,4.5,28.7,2.4,NA,35,35
O'Keefe_2009,M-Mx,NA,a,R16-Tree/snag canopy cover (%),60.4,6,67.1,6.7,NA,35,35
O'Keefe_2009,M-Mx,NA,a,SL46-Percent Midstory Cover (%),24.1,4.9,50,5.6,NA,35,35
O'Keefe_2009,M-Mx,NA,a,SL59-Mean Stand Canopy Closure (%),61.2,3.5,62.7,4,NA,35,35
O'Keefe_2009,M-Mx,NA,a,R5-Distance to nearest tree (m),1.9,0.2,2.6,0.3,NA,35,35
O'Keefe_2009,M-Mx,NA,a,R7-Distance to nearest tree as tall or taller than roost tree (m),3.7,0.6,4.2,0.5,NA,35,35
O'Keefe_2009,M-Mx,NA,a,R4-Distance to nearest available tree (m),4.9,0.7,6,0.8,NA,35,35
O'Keefe_2009,M-Mx,NA,a,SL27-Slope (%),46.1,2.1,49.2,2,NA,35,35
O'Keefe_2009,M-Mx,NA,a,SL77-North-Cosine aspect of plot (radians),0,0.1,0,0.1,NA,35,35
O'Keefe_2009,M-Mx,NA,a,SL78-East-Sine aspect of plot (radians),-0.1,0.1,0,0.1,NA,35,35
O'Keefe_2009,M-Mx,NA,a,SL79-Stand Basal Area (live trees) (m2/ha),27.3,1.9,24.6,2.2,NA,35,35
O'Keefe_2009,M-Mx,NA,a,SL61-Mean Stand Density (live trees) (no. trees/ha),517.8,32,493.8,31.2,NA,35,35
O'Keefe_2009,M-Mx,NA,a,SL2-Basal area of snags (m2/ha),2.7,0.6,1.8,0.4,NA,35,35
O'Keefe_2009,M-Mx,NA,a,SL16-Mean snag density  (no. snags/ha),65.1,9.8,43.2,6.5,NA,35,35
O'Keefe_2009,M-Mx,NA,a,SL80-Stand age (years),84.8,8.1,79,6.4,NA,17,37
O'Keefe_2009,M-Mx,NA,a,R37-Distance to mature stands (m),27.5,13.7,43.3,10,NA,17,37
O'Keefe_2009,M-Mx,NA,a,R38-Distance to cove forest (m),56.1,16.3,67.4,14.9,NA,17,37
O'Keefe_2009,M-Mx,NA,a,R39-Distance to upland forest (m),28.3,9.2,43.8,10.4,NA,17,37
O'Keefe_2009,M-Mx,NA,a,SL9-Distance to nearest opening (road/trail) (m),116,20.6,150.3,19.4,NA,17,37
O'Keefe_2009,M-Mx,NA,a,SL81-Distance to nonlinear opening (recent cut)(m),291.3,44.4,466.7,56.6,NA,17,37
O'Keefe_2009,M-Mx,NA,a,SL10-Distance to nearest stream channel (m),292.9,40.4,295.4,30.5,NA,17,37
O'Keefe_2009,M-Mx,NA,a,SL82-Density of intermittent streams within stand (m/ha),40,7.8,47.8,6.2,NA,17,37
O'Keefe_2009,M-Mx,NA,a,SL83-Stand area (ha),27.2,5.2,21.2,3.1,NA,17,37
O'Keefe_2009,M-Mx,NA,a,SL13-Elevation (m),937.7,34.2,930.8,16.6,NA,17,37
O'Keefe_2009,F-Mx,NA,b,R18-Tree/snag height (m),18.4,1.8,20.4,1.6,NA,33,33
O'Keefe_2009,F-Mx,NA,b,R17-Tree/snag diameter (cm),45.6,4.3,29.7,2.7,NA,33,33
O'Keefe_2009,F-Mx,NA,b,R16-Tree/snag canopy cover (%),33.3,6.9,54.5,5.2,NA,33,33
O'Keefe_2009,F-Mx,NA,b,SL46-Percent Midstory Cover (%),25.5,4.4,43.3,6,NA,33,33
O'Keefe_2009,F-Mx,NA,b,SL59-Mean Stand Canopy Closure (%),43.1,4.5,52.7,4,NA,33,33
O'Keefe_2009,F-Mx,NA,b,R5-Distance to nearest tree (m),2.6,0.3,3.5,0.5,NA,33,33
O'Keefe_2009,F-Mx,NA,b,R7-Distance to nearest tree as tall or taller than roost tree (m),4.6,0.5,5.4,1.1,NA,33,33
O'Keefe_2009,F-Mx,NA,b,R4-Distance to nearest available tree (m),5.6,0.6,8.3,0.8,NA,33,33
O'Keefe_2009,F-Mx,NA,b,SL27-Slope (%),54.3,8.8,41.5,2.7,NA,33,33
O'Keefe_2009,F-Mx,NA,b,SL77-North-Cosine aspect of plot (radians),0,0.1,0,0.1,NA,33,33
O'Keefe_2009,F-Mx,NA,b,SL78-East-Sine aspect of plot (radians),0.4,0.1,0.4,0.1,NA,33,33
O'Keefe_2009,F-Mx,NA,b,SL79-Stand Basal Area (live trees) (m2/ha),23.9,2.2,24.8,1.9,NA,33,33
O'Keefe_2009,F-Mx,NA,b,SL61-Mean Stand Density (live trees) (no. trees/ha),325.8,27.5,336.4,26.6,NA,33,33
O'Keefe_2009,F-Mx,NA,b,SL2-Basal area of snags (m2/ha),5.3,0.8,2.9,0.6,NA,33,33
O'Keefe_2009,F-Mx,NA,b,SL16-Mean snag density  (no. snags/ha),64.4,7.6,37.9,6.7,NA,33,33
O'Keefe_2009,F-Mx,NA,b,SL80-Stand age (years),72.3,9.8,87.7,5.2,NA,25,42
O'Keefe_2009,F-Mx,NA,b,R37-Distance to mature stands (m),81.1,17.4,49.4,12.5,NA,25,42
O'Keefe_2009,F-Mx,NA,b,R38-Distance to cove forest (m),46.7,10.1,107.7,25.1,NA,25,42
O'Keefe_2009,F-Mx,NA,b,R39-Distance to upland forest (m),56.7,18.6,30.5,9.1,NA,25,42
O'Keefe_2009,F-Mx,NA,b,SL9-Distance to nearest opening (road/trail) (m),210.6,40.9,185.4,23.5,NA,25,42
O'Keefe_2009,F-Mx,NA,b,SL81-Distance to nonlinear opening (recent cut)(m),304.3,56,379.1,41.5,NA,25,42
O'Keefe_2009,F-Mx,NA,b,SL10-Distance to nearest stream channel (m),200.6,21.9,265.9,27,NA,25,42
O'Keefe_2009,F-Mx,NA,b,SL82-Density of intermittent streams within stand (m/ha),57.8,6.2,36.2,5.3,NA,25,42
O'Keefe_2009,F-Mx,NA,b,SL83-Stand area (ha),20.8,4.1,22.1,2.6,NA,25,42
O'Keefe_2009,F-Mx,NA,b,SL13-Elevation (m),940,23.9,933.4,25.4,NA,25,42
Olson_2011,F-Mx,NA,a,R17-Tree/snag diameter (cm),37.3,2.4,NA,NA,NA,18,NA
Olson_2011,F-Mx,NA,a,R18-Tree/snag height (m),22.2,1.7,NA,NA,NA,18,NA
Olson_2011,F-Mx,NA,a,SL29-Stand height (m),25.5,0.7,NA,NA,NA,18,NA
Olson_2011,F-Mx,NA,a,R5-Distance to nearest tree (m),3.9,0.3,NA,NA,NA,18,NA
Olson_2011,F-Mx,NA,a,R14-Roost height (m),4.7,0.9,NA,NA,NA,18,NA
Owen_2002,F-Mx,NA,a,R14-Roost height (m),10.8,0.6,7.7,0.6,NA,43,43
Owen_2002,F-Mx,NA,a,R30-Roost complexity (1-5)(Menzel 2002),1.8,0.2,1.6,0.1,NA,43,43
Owen_2002,F-Mx,NA,a,R18-Tree/snag height (m),17.8,0.7,15.9,1,NA,43,43
Owen_2002,F-Mx,NA,a,R17-Tree/snag diameter (cm),27.2,1,31.1,1.4,NA,43,43
Owen_2002,F-Mx,NA,a,R31-Distance to nearest overstory tree (m),1.6,0.2,2.1,0.4,NA,43,43
Owen_2002,F-Mx,NA,a,R7-Distance to nearest tree as tall or taller than roost tree (m),2.8,0.4,3.6,0.6,NA,43,43
Owen_2002,F-Mx,NA,a,R3-Difference btw roost tree height and canopy height (m),-1.6,1.8,-5.6,1.9,NA,43,43
Owen_2002,F-Mx,NA,a,R16-Tree/snag canopy cover (%),90.9,2.2,86.1,3.6,NA,43,43
Owen_2002,F-Mx,NA,a,SL27-Slope (%),18,1.7,19,1.2,NA,43,43
Owen_2002,F-Mx,NA,a,SL17-Mean stand density (no. trees/ha),620,32.5,517.5,37.5,NA,43,43
Owen_2002,F-Mx,NA,a,SL28-Stand basal area (m2/ha),13.8,0.6,13,0.8,NA,43,43
Owen_2002,F-Mx,NA,a,SL2-Basal area of snags (m2/ha),22.5,5,12.5,2.5,NA,43,43
Owen_2002,F-Mx,NA,a,SL63-Percent of overstory basal area composed of snags (%),6.9,1.4,3.7,0.6,NA,43,43
Owen_2002,F-Mx,NA,a,SL84-Basal Area of Conifers (m2/ha),35,7.5,27.5,7.5,NA,43,43
Owen_2002,F-Mx,NA,a,SL62-Percent of overstory basal area composed of Conifers (%),9.9,2.3,8.6,2.1,NA,43,43
Owen_2002,F-Mx,NA,a,SL26-Species richness(overstory) (no. species),6.7,0.31,6.1,0.35,NA,43,43
Owen_2002,F-Mx,NA,a,SL64-Shannon's Diversity Index (overstory),1.5,0.06,1.5,0.08,NA,43,43
Owen_2002,F-Mx,NA,a,SL65-Pielou's measure of eveness (overstory),0.8,0.02,0.8,0.04,NA,43,43
Owen_2002,F-Mx,NA,a,SL69-Understory stem density (stems/ha),242.5,37.5,212.5,25,NA,43,43
Owen_2002,F-Mx,NA,a,SL67-Shannon's Diversity Index (understory),2.4,0.2,2.4,0.22,NA,43,43
Owen_2002,F-Mx,NA,a,SL68-Pielou's measure of eveness (understory),0.6,0.07,0.6,0.08,NA,43,43
Owen_2002,F-Mx,NA,a,SL66-Species richness (understory)(no. of species),0.6,0.1,0.6,0.1,NA,43,43
Swier_2003,F-Mx,NA,a,R18-Tree/snag height (m),10.1,1,10.6,0.1,NA,9,104
Swier_2003,F-Mx,NA,a,R17-Tree/snag diameter (cm),79.6,14,36.2,2,NA,9,52
Swier_2003,F-Mx,NA,a,R16-Tree/snag canopy cover (%),66.6,8.1,NA,NA,NA,9,NA
Thalken_2017,F-NR,Non-Reproductive Females,a,R17-Tree/snag diameter (cm),32.19,3.5,24.77,1.34,NA,38,82
Thalken_2017,F-NR,Non-Reproductive Females,a,R18-Tree/snag height (m),19.11,1.56,12.84,0.86,NA,38,82
Thalken_2017,F-NR,Non-Reproductive Females,a,R15-Tree/Snag bark cover (%),79.55,5.03,52.27,3.9,NA,38,82
Thalken_2017,F-NR,Non-Reproductive Females,a,R25-Decay Class (Cline 1980),2.42,0.29,4.45,0.13,NA,38,82
Thalken_2017,F-NR,Non-Reproductive Females,a,R16-Tree/snag canopy cover (%),80.78,2.57,70.56,2.18,NA,38,82
Thalken_2017,F-NR,Non-Reproductive Females,a,SL16-Mean snag density  (no. snags/ha),4.18,0.61,4.83,0.47,NA,38,82
Thalken_2017,F-NR,Non-Reproductive Females,a,SL61-Mean Stand Density (live trees) (no. trees/ha),35.08,1.62,42.52,1.54,NA,38,82
Thalken_2017,F-NR,Non-Reproductive Females,a,SL18-Mean stem diameter (cm),12,0.3,11.45,0.18,NA,38,82
Thalken_2017,F-NR,Non-Reproductive Females,a,SL28-Stand basal area (m2/ha),13.9,1.92,13.94,1.41,NA,38,82
Thalken_2017,F-NR,Non-Reproductive Females,a,SL13-Elevation (m),210.53,5.52,227.07,3.28,NA,38,82
Thalken_2017,F-NR,Non-Reproductive Females,a,SL27-Slope (%),14.07,4.9,9.5,0.63,NA,38,82
Thalken_2017,F-NR,Non-Reproductive Females,a,R13-Roost aspect (deg.),176.5,17.61,186.31,10.63,NA,38,82
Thalken_2017,F-Mx,Lactating/Pregnant Females,b,R17-Tree/snag diameter (cm),31.25,4.29,24.77,1.34,NA,30,82
Thalken_2017,F-Mx,Lactating/Pregnant Females,b,R18-Tree/snag height (m),15.6,2.08,12.84,0.86,NA,30,82
Thalken_2017,F-Mx,Lactating/Pregnant Females,b,R15-Tree/Snag bark cover (%),71.63,6.4,52.27,3.9,NA,30,82
Thalken_2017,F-Mx,Lactating/Pregnant Females,b,R25-Decay Class (Cline 1980),3.23,0.32,4.45,0.13,NA,30,82
Thalken_2017,F-Mx,Lactating/Pregnant Females,b,R16-Tree/snag canopy cover (%),66.74,4.68,70.56,2.18,NA,30,82
Thalken_2017,F-Mx,Lactating/Pregnant Females,b,SL16-Mean snag density  (no. snags/ha),6.03,0.97,4.83,0.47,NA,30,82
Thalken_2017,F-Mx,Lactating/Pregnant Females,b,SL61-Mean Stand Density (live trees) (no. trees/ha),38.87,2.38,42.52,1.54,NA,30,82
Thalken_2017,F-Mx,Lactating/Pregnant Females,b,SL18-Mean stem diameter (cm),11.2,0.2,11.45,0.18,NA,30,82
Thalken_2017,F-Mx,Lactating/Pregnant Females,b,SL28-Stand basal area (m2/ha),5.9,1.43,13.94,1.41,NA,30,82
Thalken_2017,F-Mx,Lactating/Pregnant Females,b,SL13-Elevation (m),240.34,2.98,227.07,3.28,NA,30,82
Thalken_2017,F-Mx,Lactating/Pregnant Females,b,SL27-Slope (%),8.47,0.79,9.5,0.63,NA,30,82
Thalken_2017,F-Mx,Lactating/Pregnant Females,b,R13-Roost aspect (deg.),168.5,15.7,186.31,10.63,NA,30,82
Thalken_2017,M-Mx,Mixed Males,c,R17-Tree/snag diameter (cm),32.86,5.89,24.77,1.34,NA,14,82
Thalken_2017,M-Mx,Mixed Males,c,R18-Tree/snag height (m),22.08,2.8,12.84,0.86,NA,14,82
Thalken_2017,M-Mx,Mixed Males,c,R15-Tree/Snag bark cover (%),88.93,4.36,52.27,3.9,NA,14,82
Thalken_2017,M-Mx,Mixed Males,c,R25-Decay Class (Cline 1980),2.14,0.38,4.45,0.13,NA,14,82
Thalken_2017,M-Mx,Mixed Males,c,R16-Tree/snag canopy cover (%),75.36,8.11,70.56,2.18,NA,14,82
Thalken_2017,M-Mx,Mixed Males,c,SL16-Mean snag density  (no. snags/ha),6.5,1.19,4.83,0.47,NA,14,82
Thalken_2017,M-Mx,Mixed Males,c,SL61-Mean Stand Density (live trees) (no. trees/ha),46.5,5.1,42.52,1.54,NA,14,82
Thalken_2017,M-Mx,Mixed Males,c,SL18-Mean stem diameter (cm),10.91,0.63,11.45,0.18,NA,14,82
Thalken_2017,M-Mx,Mixed Males,c,SL28-Stand basal area (m2/ha),25.98,2.29,13.94,1.41,NA,14,82
Thalken_2017,M-Mx,Mixed Males,c,SL13-Elevation (m),235.1,6.91,227.07,3.28,NA,14,82
Thalken_2017,M-Mx,Mixed Males,c,SL27-Slope (%),14.64,2.26,9.5,0.63,NA,14,82
Thalken_2017,M-Mx,Mixed Males,c,R13-Roost aspect (deg.),185.93,20.6,186.31,10.63,NA,14,82
Zimmerman_2015,M-Mx,Mixed Males,a,R17-Tree/snag diameter (cm),72,19,NA,NA,NA,2,NA
Zimmerman_2015,M-Mx,Mixed Males,a,R18-Tree/snag height (m),20.5,3.5,NA,NA,NA,2,NA
Zimmerman_2015,M-Mx,Mixed Males,a,SL11-Distance to open/lentic water (m),165,15,NA,NA,NA,2,NA
Zimmerman_2015,F-Mx,Mixed Females,b,R17-Tree/snag diameter (cm),58.71,2.43,NA,NA,NA,17,NA
Zimmerman_2015,F-Mx,Mixed Females,b,R18-Tree/snag height (m),22.53,0.37,NA,NA,NA,17,NA
Zimmerman_2015,F-Mx,Mixed Females,b,SL11-Distance to open/lentic water (m),161.06,18.78,NA,NA,NA,17,NA
Zimmerman_2015,F-L,Lactating Females,c,R17-Tree/snag diameter (cm),61.55,2.83,NA,NA,NA,11,NA
Zimmerman_2015,F-L,Lactating Females,c,R18-Tree/snag height (m),22.55,0.43,NA,NA,NA,11,NA
Zimmerman_2015,F-L,Lactating Females,c,SL11-Distance to open/lentic water (m),165.55,26.17,NA,NA,NA,11,NA
Bales_2007,MF-Mx,NA,a,R17-Tree/snag diameter (cm),51.73,2.7,NA,NA,NA,63,NA
Bales_2007,MF-Mx,NA,a,R25-Decay Class (Cline 1980),2.62,0.1,NA,NA,NA,63,NA
